Family,Siblings
Amonte,Ty (2017–22) and Tristan (2021–25)
Bavis,Mark (1989–93) and Mike (1989–93)
Borofsky,Isidore (1928–30) and Sydney (1933–36)
Calderone,Andi (2020–24) and Alexandra (2016–20)
Celebrini,Macklin (2023–24) and Aiden (2023–26)
Dewhurst,John (1937–38) and Dave (1939–41)
Donatelli,Clark (1984–87) and Peter (1994–98)
Fennie,Mark (1967–69) and Bruce (1963–66)
Fidler,Mark (1977–81) and Mike (1974–76)
Gilroy,Kevin (2008–12) and Matt (2005–09)
Gryp,Bob (1969–72) and Jerry (1972–76)
Healey,Keira (2024–26) and Sydney (2022–26)
Hutson,"Quinn (2022–25), Lane (2022–24), and Cole (2024–26)"
Kelley,Mary Grace (2015–19) and Tommy (2013–17)
Kelley,Paul (1951–53) and Jack (1949–52)
Kontoff,Julian (1924–26) and Morey (1921–25)
Lachance,Bob (1992–96) and Scott (1990–91)
Lappin,Chris (1987–89) and Mike (1987–89)
MacLeod,Dave (1957–61) and Don (1955–58)
McCarthy,Gavin (2023–26) and Case (2019–24)
Meagher,"Terry (1973–76), Rick (1973–77), and Tony (1976–80)"
O'Connell,Dennis (1963–66) and Mike (1963–64)
Pandolfo,Mike (1998–02) and Jay (1992–96)
Ronan,Matt (2010–14) and Dan (1995–99)
Sacco,David (1988–93) and Joe (1987–90)
Saponari,Victor (2007–10) and Vinny (2008–10)
Shaunessy,Scott (1983–87) and Steve (1986–89)
Welcke,Luisa (2023–26) and Lilli (2023–26)